,sleep,fit_time,samples_per_sec,model
0,40.0,282.5740749835968,818.3948789765242,linear
1,10.730783181118904,76.59665989875793,3050.836208467945,linear
2,2.8787426920046086,21.613073587417603,11370.062609259436,linear
3,0.7722790915533002,6.849928379058838,42373.24362206433,linear
4,0.2071789871692485,2.848468065261841,157832.82604313956,linear
5,0.05557981977492556,1.7307026386260986,587058.1603182323,linear
6,0.014910374881259767,1.439338207244873,2173684.307058292,linear
7,0.004,1.3641357421875,7921423.066758884,linear
0,40.0,282.23395133018494,818.3948789765242,"scVI hidden_dims=[128, 128]"
1,10.730783181118904,77.06185293197632,3050.836208467945,"scVI hidden_dims=[128, 128]"
2,2.8787426920046086,22.048277616500854,11370.062609259436,"scVI hidden_dims=[128, 128]"
3,0.7722790915533002,7.3133673667907715,42373.24362206433,"scVI hidden_dims=[128, 128]"
4,0.2071789871692485,3.2729573249816895,157832.82604313956,"scVI hidden_dims=[128, 128]"
5,0.05557981977492556,2.222541332244873,587058.1603182323,"scVI hidden_dims=[128, 128]"
6,0.014910374881259767,2.1324098110198975,2173684.307058292,"scVI hidden_dims=[128, 128]"
7,0.004,2.264254570007324,7921423.066758884,"scVI hidden_dims=[128, 128]"
0,40.0,282.58910942077637,818.3948789765242,"scVI hidden_dims=[1024, 1024, 1024, 1024]"
1,10.730783181118904,77.54191946983337,3050.836208467945,"scVI hidden_dims=[1024, 1024, 1024, 1024]"
2,2.8787426920046086,22.51636815071106,11370.062609259436,"scVI hidden_dims=[1024, 1024, 1024, 1024]"
3,0.7722790915533002,7.757110834121704,42373.24362206433,"scVI hidden_dims=[1024, 1024, 1024, 1024]"
4,0.2071789871692485,3.783935785293579,157832.82604313956,"scVI hidden_dims=[1024, 1024, 1024, 1024]"
5,0.05557981977492556,3.58050799369812,587058.1603182323,"scVI hidden_dims=[1024, 1024, 1024, 1024]"
6,0.014910374881259767,3.571540355682373,2173684.307058292,"scVI hidden_dims=[1024, 1024, 1024, 1024]"
7,0.004,3.5671634674072266,7921423.066758884,"scVI hidden_dims=[1024, 1024, 1024, 1024]"
