loader,num_processes,repetition,cumulative_samples_per_sec,avg_samples_per_sec_per_process,total_samples,overall_time,num_successful,num_failed
annbatch,1,1,35515.44681388071,35515.44681388071,1000000,148.92407512664795,1,0
annbatch,2,1,61411.95689938465,30705.978449692324,2000000,152.50370621681213,2,0
annbatch,3,1,88149.13309470091,29383.044364900303,3000000,153.21784257888794,3,0
annbatch,4,1,101949.08824071588,25487.27206017897,4000000,160.19694542884827,4,0
annbatch,5,1,114248.06947247326,22849.61389449465,5000000,165.66109108924866,5,0
annbatch,6,1,125189.17002044902,20864.861670074835,6000000,169.95818519592285,6,0
annbatch,7,1,129765.17879670025,18537.882685242894,7000000,180.98050045967102,7,0
annbatch,8,1,137913.22659539338,17239.153324424173,8000000,187.20471024513245,8,0
mapped_collection,1,1,542.4070681006064,542.4070681006064,1000000,1893.088630914688,1,0
mapped_collection,2,1,987.3781330016977,493.68906650084887,2000000,2073.8877601623535,2,0
mapped_collection,3,1,1417.3218453776565,472.4406151258855,3000000,2175.813931465149,3,0
mapped_collection,4,1,1521.8011693103651,380.4502923275913,4000000,2713.7825706005096,4,0
mapped_collection,5,1,1871.053757507966,374.2107515015932,5000000,2738.4649209976196,5,0
mapped_collection,6,1,2459.990514535984,409.99841908933064,6000000,2503.63827753067,6,0
mapped_collection,7,1,2033.4762133981715,290.4966019140245,7000000,3524.572737932205,7,0
mapped_collection,8,1,3529.9262942054274,441.24078677567843,8000000,2340.44033741951,8,0
annbatch,1,2,39731.07562130702,39731.07562130702,1000000,147.17870450019836,1,0
annbatch,2,2,76289.86751603993,38144.933758019964,2000000,148.02644038200378,2,0
annbatch,3,2,101469.95574933122,33823.318583110406,3000000,149.35354781150818,3,0
annbatch,4,2,109873.04545635844,27468.26136408961,4000000,157.43203282356262,4,0
annbatch,5,2,119246.42086128742,23849.284172257485,5000000,164.33653450012207,5,0
annbatch,6,2,128568.38966234287,21428.064943723813,6000000,170.66118693351746,6,0
annbatch,7,2,134981.19446899212,19283.02778128459,7000000,176.5545334815979,7,0
annbatch,8,2,137537.10094505295,17192.13761813162,8000000,183.10427355766296,8,0
mapped_collection,1,2,576.2579421145603,576.2579421145603,1000000,1787.497737646103,1,0
mapped_collection,2,2,1097.907799435954,548.953899717977,2000000,1882.8331351280212,2,0
mapped_collection,3,2,1561.2768366501637,520.4256122167212,3000000,1987.9959633350372,3,0
mapped_collection,4,2,1606.864784378264,401.716196094566,4000000,2543.906625032425,4,0
mapped_collection,5,2,2067.540117055414,413.50802341108283,5000000,2497.9264965057373,5,0
mapped_collection,6,2,1854.7363225956167,309.12272043260276,6000000,3334.8011445999146,6,0
mapped_collection,7,2,2213.6323765795346,316.2331966542192,7000000,3276.3131330013275,7,0
mapped_collection,8,2,2188.8112768271244,273.60140960339055,8000000,3726.8979964256287,8,0
annbatch,1,3,36468.143168531,36468.143168531,1000000,147.81800270080566,1,0
annbatch,2,3,68331.25242732445,34165.626213662224,2000000,153.602787733078,2,0
annbatch,3,3,93565.55954677156,31188.519848923854,3000000,157.45572900772095,3,0
annbatch,4,3,112312.06002551423,28078.01500637856,4000000,200.43253803253174,4,0
annbatch,5,3,127955.6881079952,25591.13762159904,5000000,166.92331409454346,5,0
annbatch,6,3,136219.1747934602,22703.195798910034,6000000,172.24535608291626,6,0
annbatch,7,3,142941.39585955892,20420.19940850842,7000000,179.2141935825348,7,0
annbatch,8,3,151331.57252130573,18916.446565163216,8000000,184.46670818328857,8,0
mapped_collection,1,3,536.5706478076696,536.5706478076696,1000000,1902.8675026893616,1,0
mapped_collection,2,3,1085.1245394874697,542.5622697437349,2000000,1900.1404831409454,2,0
mapped_collection,3,3,1259.872449163759,419.95748305458636,3000000,2436.3092708587646,3,0
mapped_collection,4,3,1503.1594032883427,375.78985082208567,4000000,2727.6747858524323,4,0
mapped_collection,5,3,1456.5151209636124,291.3030241927225,5000000,3509.921511888504,5,0
mapped_collection,6,3,1714.2826802895886,285.71378004826477,6000000,3602.5465049743652,6,0
mapped_collection,7,3,1856.5332255607839,265.21903222296913,7000000,3863.07395529747,7,0
mapped_collection,8,3,1641.7261958166298,205.21577447707872,8000000,4960.940711021423,8,0
annbatch,1,4,41193.60559210264,41193.60559210264,1000000,146.9774146080017,1,0
annbatch,2,4,56973.78770134262,28486.89385067131,2000000,158.8170120716095,2,0
annbatch,3,4,82161.66039335479,27387.22013111826,3000000,158.98409581184387,3,0
annbatch,4,4,91216.76255246543,22804.190638116357,4000000,169.5797688961029,4,0
annbatch,5,4,103609.76310778825,20721.95262155765,5000000,175.25298738479614,5,0
annbatch,6,4,145432.05918364596,24238.67653060766,6000000,172.65536856651306,6,0
annbatch,7,4,127737.3860852488,18248.1980121784,7000000,180.7725908756256,7,0
annbatch,8,4,130180.15497875896,16272.51937234487,8000000,194.45162963867188,8,0
mapped_collection,1,4,505.6996721613739,505.6996721613739,1000000,2024.5971674919128,1,0
mapped_collection,2,4,1035.8154561347046,517.9077280673523,2000000,1985.1701321601868,2,0
mapped_collection,3,4,1087.2647646117466,362.4215882039155,3000000,2806.2935547828674,3,0
mapped_collection,4,4,1547.8272122588287,386.9568030647072,4000000,2657.1917526721954,4,0
mapped_collection,5,4,1446.3302612854231,289.26605225708465,5000000,3517.095464706421,5,0
mapped_collection,6,4,1515.9101339330605,252.6516889888434,6000000,4053.521195411682,6,0
mapped_collection,7,4,1707.6281210116426,243.94687443023466,7000000,4190.997731685638,7,0
mapped_collection,8,4,1869.1818387385401,233.64772984231752,8000000,4401.083734750748,8,0
annbatch,1,5,37687.38562239277,37687.38562239277,1000000,148.3348982334137,1,0
annbatch,2,5,65879.73182137494,32939.86591068747,2000000,150.8683249950409,2,0
annbatch,3,5,84792.48207392673,28264.16069130891,3000000,156.88288354873657,3,0
annbatch,4,5,94388.38537242707,23597.09634310677,4000000,163.31982135772705,4,0
annbatch,5,5,116085.10773269954,23217.02154653991,5000000,165.72674131393433,5,0
annbatch,6,5,126610.56982666384,21101.761637777305,6000000,170.6500735282898,6,0
annbatch,7,5,142542.23762513814,20363.176803591163,7000000,174.97222924232483,7,0
annbatch,8,5,137789.39359547227,17223.674199434034,8000000,186.16119861602783,8,0
mapped_collection,1,5,548.1881828239876,548.1881828239876,1000000,1863.0767357349396,1,0
mapped_collection,2,5,919.2572163900013,459.62860819500065,2000000,2239.243243455887,2,0
mapped_collection,3,5,1116.2863911738752,372.09546372462506,3000000,2746.0881218910217,3,0
mapped_collection,4,5,1476.2460954080584,369.0615238520146,4000000,2792.5369408130646,4,0
mapped_collection,5,5,1530.166507830942,306.0333015661884,5000000,3340.920533657074,5,0
mapped_collection,6,5,1494.4469155605918,249.0744859267653,6000000,4100.927230834961,6,0
mapped_collection,7,5,1753.5854475506244,250.51220679294633,7000000,4085.8846571445465,7,0
mapped_collection,8,5,1762.9149440824729,220.3643680103091,8000000,4630.723477363586,8,0
